{
  "commune": "03298",
  "communeName": "Chazeuil",
  "section": "B",
  "center": [
    3.39242335,
    46.332215500000004
  ],
  "bounds": [
    3.3865648,
    46.3297008,
    3.3982819,
    46.3347302
  ],
  "totalParcels": 23,
  "totalBuildings": 157,
  "totalAreaHa": 34.46,
  "areaByType": {
    "pre": 22.63,
    "chemin": 1.2,
    "parc": 5.57,
    "bois": 3.13,
    "batiment": 1.05,
    "eau": 0.88
  },
  "generatedAt": "2026-03-23T02:23:48.869Z"
}